account,total_trades,total_pnl,avg_pnl,win_rate
unknown_account,211224,10296958.943436,48.74900079269401,0.4112648183918494
