group1,group2,t_stat,p_val,n_a,n_b
Fear,Greed,-7.129761228393862,1.0200189331418395e-12,160832,36289
